shift,absolute,relative
out_of_shift,20012,62.81230382925298
inside_shift,11848,37.18769617074702
